<keymap version="1" name="Mac OS X 10.5+ copy" parent="Mac OS X 10.5+">
  <action id="Annotate">
    <keyboard-shortcut first-keystroke="shift meta 1" />
  </action>
  <action id="CheckinFiles">
    <keyboard-shortcut first-keystroke="ctrl meta alt c" />
  </action>
  <action id="Compare.SameVersion">
    <keyboard-shortcut first-keystroke="ctrl meta alt d" />
  </action>
  <action id="DecrementWindowHeight" />
  <action id="IncrementWindowHeight" />
  <action id="MoveLineDown">
    <keyboard-shortcut first-keystroke="shift meta down" />
  </action>
  <action id="MoveLineUp">
    <keyboard-shortcut first-keystroke="shift meta up" />
  </action>
  <action id="MoveStatementDown" />
  <action id="MoveStatementUp" />
  <action id="ResetColumnsWidth" />
  <action id="ResizeToolWindowDown" />
  <action id="ResizeToolWindowUp" />
  <action id="SplitVertically">
    <keyboard-shortcut first-keystroke="ctrl meta alt v" />
  </action>
</keymap>