<keymap version="1" name="macOS copy" parent="Mac OS X 10.5+">
  <action id="CIDR.Debugger.ShowInMemoryView" />
  <action id="Console.Execute.Multiline" />
  <action id="DecrementWindowHeight" />
  <action id="Diff.NextChange">
    <keyboard-shortcut first-keystroke="ctrl right" />
  </action>
  <action id="Diff.PrevChange">
    <keyboard-shortcut first-keystroke="ctrl left" />
  </action>
  <action id="DirDiffMenu.SynchronizeDiff.All" />
  <action id="EditorSplitLine" />
  <action id="FileHistory.AnnotateRevision">
    <keyboard-shortcut first-keystroke="shift meta 1" />
  </action>
  <action id="IncrementWindowHeight" />
  <action id="MoveLineDown">
    <keyboard-shortcut first-keystroke="shift meta down" />
  </action>
  <action id="MoveLineUp">
    <keyboard-shortcut first-keystroke="shift meta up" />
  </action>
  <action id="MoveStatementDown">
    <keyboard-shortcut first-keystroke="shift alt down" />
  </action>
  <action id="MoveStatementUp">
    <keyboard-shortcut first-keystroke="shift alt up" />
  </action>
  <action id="MoveTabRight">
    <keyboard-shortcut first-keystroke="meta enter" />
  </action>
  <action id="NextEditorTab" />
  <action id="NextSplitter">
    <keyboard-shortcut first-keystroke="ctrl meta close_bracket" />
  </action>
  <action id="NextTab">
    <keyboard-shortcut first-keystroke="shift meta close_bracket" />
  </action>
  <action id="PrevSplitter">
    <keyboard-shortcut first-keystroke="ctrl meta open_bracket" />
  </action>
  <action id="PreviousEditorTab" />
  <action id="PreviousTab">
    <keyboard-shortcut first-keystroke="shift meta open_bracket" />
  </action>
  <action id="ResetColumnsWidth" />
  <action id="ResizeToolWindowDown" />
  <action id="ResizeToolWindowUp" />
  <action id="Terminal.SmartCommandExecution.Run" />
  <action id="ViewSource" />
</keymap>