<application>
  <component name="FindSettings">
    <option name="customScope" value="All Places" />
    <option name="defaultScopeName" value="All Places" />
    <option name="SEARCH_SCOPE" value="All Places" />
    <mask>*_controller.rb</mask>
    <mask>*.js</mask>
    <mask>.rb</mask>
    <mask>.yml</mask>
    <mask>*.rake</mask>
    <mask>*_loader.rb</mask>
    <mask>*.rb</mask>
    <mask>*.yml</mask>
    <mask>*media*.rb</mask>
    <mask>en.yml</mask>
    <mask>*test.rb</mask>
  </component>
</application>